RachisFW;PetiolFW;RachisLength;PetioleLength;WidthC;ThickC
2484;1366;464;74;7;4.5
2443;1855;455;88;6.7;4
2318;1892;465;91;6.5;4.2
2240;2085;476;94;6.3;3.5
2178;1931;489;102;6.1;3.1
2378;2277;492;108;6.5;4
2352;2223;493;107.5;6.3;3.2
2275;2716;492;124;6.3;3.2
2170;2568;475;131;5.5;3
2401;2555;468;120;6;3.1
1762;2445;465;131;5.1;2.9
2088;2172;475;121;5.4;3.1
1699;2344;454;123;5;3.2
1703;2265;454;114;5.5;2.9
1392;2259;313;122;5.4;3
1275;2003;378;112;5;3
2707.2;1914.2;446;100;7;4
2601.8;2292.3;472;103;7;4
2441.8;2569.6;454;120;7;3.8
2431.4;2567.8;466;120;7;3.8
2316.5;3088.6;481;120;7;4
2561.8;2691.8;492;121;7;3.9
2690.1;3061.6;458;118;7;3.7
2468.1;3230.4;462;132;7;3.8
2104.3;3181.8;459;128;7;3.9
2232.4;3025;498;118;6;3.4
2048.8;3168;502;126;6;3.8
2241.6;2916.4;465;140;6;3.6
1719.3;2716.2;468;129;6;3
1738.8;2565.2;458;123;6;3.6
2443;1784;459;93;6;4
2659;2229;498;107;7;4
2384;2165;468;111;6.5;3.2
2429;2569;470;114;6.5;4.2
2031;2548;446;127;6.5;3.4
2242;2523;474;116;6.3;3.5
2349;2840;494;127;7;3.8
2225;2887;468;132;6.3;4.1
1832;2719;466;136.2;5.5;3
2094;2640;475;125;6;3.5
1876;2710;470;132.6;5.5;3
2381;2736;475;126;6.5;4.2
1869;2968;483;122;6;3.4
1564;2225;427;113;5.5;3.6
2431.5;1931.8;497;89;7;3.9
2486.5;2571.6;519;124;7;3.8
2971.6;3061.5;483;120;7;3.9
2308.6;2635.4;529;114;7;4.2
2456.6;2617.8;498;121;7;3.9
2761.5;2863.5;529;126;7;4
2815.3;3149.2;524;125;7;4
2671.5;3494.5;529;140;7;3.9
2416.5;3291.4;483.1;131;7;3.6
2516.8;3591.6;474;129;7;3.8
2118.6;2671.8;487.6;128;7;3.8
2587.3;3314.6;495;128;7;4
2615.5;3816.5;480;88;7;3.8
2241.5;3467.5;470;132;6;3.8
1893.5;2976.6;449;134;6;3.6
1650.6;2281.7;410;122;6;3.8
1167.2;1316.6;378;113;4.6;3
1106.5;1471.6;382;112;5;3.2
1162.6;1380.5;391;110;4;3
1058.6;1681.6;370;118;4;3.6
1066.3;1566.2;370;113.5;4;3.8
1061.6;1613.6;371;111;4;3.4
938.2;1291.7;354;92;4;3.6
945.6;1043.8;363;89;4;3.2
1064.8;1168.6;412;102;4;3.6
1160.8;1463;369;100;4;3.6
1206.5;1961.6;412;121;4;3.8
1066.3;2065.1;363;112;4;3.4
1126.5;1966.3;392.2;130;4;3.1
1162.6;1421.6;381;105;4;2.8
3149.4;1985.1;502;90;7;4
2946.2;2248.4;495;102;8;3
2747.1;1848.8;514;83;7;4
2806.4;2236.8;478;94;7.3;4
2432.3;2176.8;504;101;6.9;3.5
2670.8;2274.1;502;100;7;3.5
2653.5;2486.2;507;101;7;4
2796.4;2900.7;493;110;7;3.8
2517.3;3115.1;498;128;7;3.5
2329.6;3007.1;492;122;7;3.6
2491.7;2631.5;483;119.5;6.3;3.5
2072.7;2584.3;497;109;6;3
2283.5;3011.7;495;126;7;4
2351.5;2882.9;468;120;7;4
2950;773;512;53;7;3.6
2934;2012;515;100;7.1;3.8
2811;2117;518;107;7;4
2911;2364;509;113;7;3.5
2644;2625;495;119.5;7.1;3.6
2810;2927;496;120;7.1;3.5
2890;2770;518;118;7;3.8
2781;3178;514;129;7.1;3.5
2522;2977;516;126;7;3.6
2615;2966;513;126;6.8;3.5
2214;2499;512;173;7;3.6
2790;2414;522;117;6.5;3.6
2389;2816;511;124.8;6.6;3.5
2320;2832;509;125;6.4;3.8
2685.2;1820.9;461;87;7;4.2
2615.6;2698.6;447;108;7.2;4.2
2491.8;2781.3;533;112;7;4.1
2671.8;3038.9;447;119;7;4.2
2655.1;3166.5;522;124.4;7;4.1
2418.9;3180.6;494;123;7;4
2466.5;3069;462;113;7;4.1
2589.5;3687.8;465;125;7;4
2516.6;3116;475;134;7;4
2206.5;3832.8;453;140;6;3.8
2019.8;2951.6;515;126.5;6;3.8
1791.8;2473.2;505;124;6;3.8
1928.1;2985;453;129;6;4
1651.6;2694.4;364;135;6;3.6
2888;1884;486;100;7;3.8
2909;2557;495;119;6.9;3.7
3019;2804;504;120;7;4.1
2965;2690;508;121;6.9;3.9
2603;2723;505;125;6.1;3.4
3005;2733;508;124;7.1;4
3015;2897;501;122;7;4
2926;3226;503;134;7;4
2507;2706;508;120;6.5;3.6
2954;3290;510;130;7.1;3.9
2558;3030;531;133;6.8;3.5
2967;3332;520;139;6.8;3.5
2392;3610;513;148;7;3.5
2120;2833;504;130;6.7;3.5
2583.4;2119.4;526;101;6;4
2433.2;2324.8;513;110;6.5;4
2306.1;2344.7;525;112;6.3;3.5
2108.4;2059.3;518;101;6;3.5
1510.6;2360.5;506;120;6;4
1740.3;2369.2;535;115;6;3
2014.2;2615.9;505;116;6;3.5
2017.6;2716.9;506;123;6;3.2
1921.4;2642.1;512;120;6;3.5
1611.3;2510.9;489;124;6;3
1573.4;2201.4;518;120;6;3
1654.3;2116.4;498;129;5.5;3
2150.2;2022.5;489;127;6;4
1357.4;2377.8;478;123;5.3;3
1212.3;1750.3;486;109;6;2.5
2854;1446;472;84;7.1;3.6
2821;1637;471;88;6.8;3.5
2541;2178;473;104;7;3.5
2495;2218;469;114;7.1;3.5
2445;1830;465;125;7;3.4
2672;2356;445;110;7;3.5
2678;2970;447;123;7;3.5
2603;3507;443;131;7;3.8
2437;3075;461;105;7;3.1
2265;2871;435;117;6.8;3.5
2483;2683;465;118;6.5;3.4
2218;3242;410;137;6.1;3.5
2015;3169;456;145;7;3
1815;2740;405;136;5.9;3.1
1484;2128;395;129;5.1;3
1731.4;1970;553;87;6;3.5
1859.2;1403.1;555;71;6.2;3.5
1344.2;1660.6;531;73;7;3.4
1714.8;1920.2;597;81;6;3.5
1721;1880.5;534;83;6.8;3.5
1768;2156.4;561;79;7;4
1818.1;2491.2;567;98.5;6.5;3.5
1571.9;2116;532;81;6;3.3
1566.4;2140.6;525;96;6.5;3.2
1320.7;2086.2;523;84;7;4
2997;1884;456;96;7;3.5
2940;2166;536;102;6.5;3.4
3186;2169;550;110;6.5;3
2952;2021;552;104;6.5;3.5
2646;2854;515;126;6.6;2.6
2496;2988;497;137;6.4;3.9
2076;2426;467;123;6.3;3
2173;2667;472;125;6;3
2552;2274;511;118;6;3
2505;2013;506;107;6;3
2229;3072;421;140;5;3.2
1558;2347;432;127;5.7;2.5
2522;1253;530;78;6.8;3
2446;1828;518;106;6.8;3.8
2198;2193;524;120;5.5;3.3
2730;2208;483;127;6.4;3.3
2408;1938;518;113;5.8;3.5
2296;2778;520;112;6.3;3
2098;2928;510;141;6;3
2198;2353;505;130;6.4;3.1
2208;2586;490;135;6.7;3.4
2263;2278;510;126;5.7;3.4
2482;2678;508;130;6.1;3.3
2325;3086;477;137;6.4;3.5
2188;3289;482;143;6;3
1774;2498;452;127;6;3
3786;2367;600;120;6.8;3.8
3712;2913;590;143;6.8;3.8
4232;2281;664;94;7;3.5
3328;2921;570;138;7;3.8
2979;2841;542;138;7;3.5
2862;2707;520;136;6.5;3.5
2520;2462;490;128;6;3.8
2405;2541;497;132;6.4;3.8
3786;1898;488;69.5;8.5;4
2530;2432;498;117;6.2;3.8
3037;2771;553;126.5;6.5;3.5
3744;3406;528;141;7;3.5
2779;3864;514;146;6.5;3.8
1247;2621;455;136;6.1;3
3515;1609;556;82;6.5;4
2782;2018;552;114;6.8;3.2
3112;2655;548;120;6.2;3.8
3062;2583;535;126;6;4
2943;2969;524;125;6;4.2
2802;2713;494;134;6;3.5
2479;3187;468;136;4.5;3.6
2454;2977;488;125;6;3.5
3146;2304;486;68;7;4
2113;3204;520;131;6;3.8
2507;3707;462;135;6.5;3.5
2050;2854;448;122;6;4.2
2803;1916;516;116;6.5;3.2
2590;2183;519;119;6.5;3.2
2658;2076;508;122;6;3.4
2780;2315;498;118;6;3.4
2507;2367;516;139;6;3.5
2840;2690;504;135;6;4
2754;2850;482;126;6.2;3
2745;2770;492;142;6;3.2
2369;2921;529;147;6;3
2652;2856;497;136;5.8;3
2454;2914;529;148;6.5;3
2573;3291;538;148;5.5;3
2413;3361;542;155;6.5;3.5
2019;2709;546;146;5.1;3
1281;908;746;127;5.3;3
3008;2788;555;116;6.5;3.5
3088;2903;560;114;7;3.5
3603;3683;578;124;6.5;3.5
3733;2703;554;113;6;3.5
3203;3063;549;134;7;3.5
3088;3388;528;141;7;3.5
3008;3396;513;135;7;3.5
3046;3029;550;125;7.5;3.5
3988;3698;536;134;7.5;3.5
3588;3808;535;135;7;3.5
3709;3683;534;134;7;3.5
3008;3368;546;145;7;3.5
2868;3808;490;140;6.5;3
3915.5;2923.4;548;132;7;3.9
3824.6;4551.6;552;166;7;4
3615.8;3821.6;562;158;7;3.9
3128.6;4016.5;566;146;7;4
3216.5;4160.2;551;138;7;3.9
3166.2;4162.8;506;152;7;3.9
2618.5;3510.6;468;138;7;4
3516.6;3418;490;136;7;3.9
3488.6;3816.5;528;134;6.8;3.6
2168.5;3136.2;497;110;7;4
2514.3;3341.5;512;118;6;3.8
2516.2;3219.6;500;142;6;3.8
2566.3;3415.5;486;150;6;3.9
2318.5;3301.6;488;138;6;3.8
925.6;2081.8;460;143;5;3.3
1916.5;2569.6;451;146;6;3.4
2432;952;554;79;6;3.2
2838;909;603;75;6;3.3
2302;1409;564;106;5.5;3.2
2459;1179;543;85;6;3.5
2419;1648;524;106;6;3
2013;1256;546;94;5.7;3
2351;1638;535;110;6;3.4
2524;2251;555;133;6;4
2320;232;540;139;5.6;3
2439;2476;563;142;6.5;4.1
1848;2282;538;142;6;4
1464;1986;486;126;6;3.5
843;1683;456;115;5.3;3.5
3574;940;605;65;6.5;3.7
3240;1709;603;95;6.5;3.9
3140;1728;529;101;7;3.4
3000;1815;503;102;7;3.5
3009;2201;585;107;7;3.5
2941;2550;571;132;6.5;3.9
2636;2540;534;130;6;3.8
2581;2425;562;128;7;3.6
2647;2630;568;138;7;4
2810;2670;589;140;6;4
2757;2595;586;141;6.8;3.8
2909;3151;576;150;7;3.5
2386;3334;571;155;7;3.7
1848;2280;513;135;7;3.6
1669;1807;502;102;5.5;3.6
3573.3;2575.6;618;132;7;4
3446.2;3309.8;621;150;7;4.1
3336.5;3114.5;584;148;7;3.9
3501.8;3256.5;500;151;7;3.9
3661.8;3336.8;580;130;7;3.8
3202.8;2649.1;570;129;7;3.8
3230.2;3431.5;600;151;7;3.8
3281.8;3534.3;547;152;7;3.8
3193.6;3914.5;554;142;7;3.8
3216.5;3667.6;570;146;6.8;3.6
3092.6;3295.6;464;150;7;3.9
2516.5;4069.3;545;156;6;3.8
2346.5;2916.3;497;138;6;3.8
2129;2862.8;451;149;6;3.6
3031;1361;596;107;7.2;3.5
2707;1851;586;110;6.1;3.2
2813;1231;574;87;6.5;3.2
2643;1303;573;93;6.7;3.3
2452;1537;580;153;6.5;3.4
2631;1921;565;115;6.8;3.5
2760;2313;569;129;6.7;3.6
2681;2611;566;140;6.5;3.8
2621;2558;562;135;6.1;3.7
2812;2800;598;145;6.3;3.8
2643;2931;568;150;7.1;3.5
2658;2911;571;142;7.1;4
2278;2813;558;138;6.2;3.6
3601.5;1979.6;545;90;7;4
3468.1;3136.6;564;126;7;4
3263;2792.1;575;136;7;3.9
3328.6;3438.2;563;133;7;3.9
3091.6;3615.6;580.6;142;7;3.8
3154.1;3684.5;564;148;7;3.8
3166.5;3159.2;546;130;7;3.9
3120.2;3690.6;548;132;7;3.8
2846.6;3418.6;560.4;148;7;3.9
3122.3;3614.8;548;148;7;3.6
2841.6;4062.8;541;171.6;6;3.8
2924.6;4017;528;160;7;3.8
2449.7;4162.5;518.2;169.4;7;3.9
1846.2;2770.6;487;148;6;3.8
3546;3359;538;148;7.2;4
3361;3565;548;144;7;4
3310;3489;551;149;7;4.2
3588;3828;554;152;7;4
3364;2149;556;160;9;4
3358;3287;558;132;7;4
3564;3984;554;147;7;3.8
3316;4435;548;157;7;4
4043;3283;553;158;9;4.2
3202;3728;538;144;6.8;4
1864;2683;541;143;6;3.6
4132;2412;625;117;7;4
3861;3980;626;153;7;4
3775;4095;619;161;7;4
3317;3930;610;160;7;4
3211;3425;603;147;7;3.5
2908;3105;581;154;7;4
2989;3297;563;152;6.5;3
2084;3167;557;144;6.5;3
3051;2785;585;133;7;3.5
3375;3426;585;146;7;3
3349;3211;660;144;7;3.5
2830;3571;580;156;7;3.5
2083;2511;558;134;6.5;3.5
3432.9;1671;620;113;6;3.5
2964.2;2669.7;612;127;6.5;3.5
2892.3;2534.4;538;127;6.5;3
2669.2;2388;557;122;6;3
1664.5;1681.2;522;112;6;3
2339.1;2046.9;541;118;5.5;3
2090.8;2031.6;537;117;6;3
2686.9;2465.3;546;127;6;3
2794.5;2190.1;559;122;6.5;3
2711.5;2332.5;548;118;6;3
2681.1;2603.2;558;138;6.5;3
2931.7;2849.2;552;136;7;3.5
2823.4;3116.2;540;134;7;3
2116.2;2332.2;538;127;6;3
3339;1756;564;96;7;4
3233;2338;566;120;7;3.5
3141;2563;590;126;6;3.8
2930;2388;548;124;6.5;3.5
2597;2534;552;159;7;4
2663;2386;565;137;6.5;3.5
2542;2257;556;123;7;3.6
2443;2621;538;142;6;3.4
2342;2725;531;151;6;4
2596;2771;542;148;7;3.5
2705;2721;545;148;6;3.5
2970;3288;544;142;6;3.9
2615;3156;552;145;6.5;3.5
2218;2507;539;138;7;4
1823;2003;538;128;6;3.8
3746;2190;624;126;7;3.6
3435;3089;627;149;7.2;3.8
3042;3305;618;158;6.5;3.6
3836;2951;622;149;7;3.4
1948;2993;626;158;6.8;4.2
3516;3456;629;158;6.5;3.9
3109;3312;611;162;7;3.8
3652;3590;603;170;6.5;4.1
3520;2795;598;118;8;4
2146;3070;597;163;6;3.8
3309;2206;561;110;8;3.5
2328;2618;557;191;6;3.3
1435;2158;486;137;5.5;3
3603.3;2242.7;606;130;7;4
2995.5;3272.2;600;174;6;3.5
2785.8;3149.4;580;160;7;3.5
2760.6;3085.5;570;162;6.5;3.5
2350.6;2676.2;575;151;6.4;3
2768.8;2757.9;550;147;6.8;3.5
2008.8;2938.4;555;146;6;3.5
2661.6;3096.5;562;155;6.5;3
2521.2;2933.4;570;143;6;3
2740.8;3168.4;580;159;6;3.5
2563.3;2832.5;572;155;6.5;3
2501;2708.4;568;155;6.2;3
2180.6;2751.5;560;192;6.2;3.5
1222.6;2040.1;340;142;5;3
3413;2295;598;128;6.8;3.8
3384;2711;603;140;7;3.6
2575;2220;596;147;6;3.3
2906;2094;605;130;6.5;3.1
2747;2140;593;127;6;3.5
2852;2071;578;157;6.3;3.8
2637;2926;568;160;5.3;3.1
2261;2643;493;157;5.4;3.3
2013;2586;545;160;7;3.6
2217;2342;581;140;5.3;3.1
2154;1922;575;138;7;3.2
2430;2331;521;150;5.4;3.2
1901;2158;527;143;6.1;3.3
3351.6;1665.3;584;105;7;4.1
3422.8;3052.6;593;154;6.8;4
3316.5;3162.8;610;170;6;3.9
3131.6;3331;603;169;6;4.2
2816.3;2968.9;609;166;6;4
2614.8;3204.8;571;158;6;4
2293;2646.7;502;157;6.8;3.8
2271.6;2567.8;496;158;6;4
1996.3;2569.2;491;161.9;6;3.8
2315.4;2087.6;519;117;6;3.9
2488.6;2816.5;542;118;6;3.8
2335;2656.9;518;160;6;4
2318.6;2916.5;554;161.4;6;3.8
1416.5;2566.6;518;156;6;3.6
3790;4836;610;106;7;3.8
3591;3002;620;148;7;4
3708;3092;594;143;7.1;4
3517;2878;610;140;6.3;3.8
2450;2469;602;141;7.3;4
2955;2887;573;148;7.1;4.1
2980;2763;594;143;6.5;3.6
3036;2893;598;144;6.8;3.8
3057;3057;571;150;7.1;3.6
2812;2669;599;143;6.2;3.5
2477;3137;583;153;7.1;3.6
2941;2818;571;150;7.1;3.6
2204;3026;560;153;7.3;3.8
3140.6;1900.6;598;130;6;4
2859.8;2839.9;573;15;6;4
2630;2581.6;553;149;6;3.8
2601;2016.5;549;146;6;3.9
2816.5;1786.5;564;113.6;6;3.8
2881.6;2018.6;563;128;6;3.8
2675;2192.6;550;132;6;3.9
2614.8;2534.6;540;140;6;3.8
2615.6;2716.5;538.2;153.6;6;3.8
2661.3;2486.3;559;140;6;3.7
2451.6;2615.4;556;156;6;3.6
2301.6;2780;542;150;6;4
1781.6;2186;500;145;6;3.8
1426.5;1763.5;460;148;6;3.8
3178;1694;573;107;7;3.1
3071;2716;565;140;6.5;3.5
2860;2861;550;152;6.5;4
2842;2415;575;140;6.8;3.6
2404;1835;537;120;7;3.5
2630;2449;546;144;6.6;4.1
2672;2519;527;138;6.1;3.5
2678;2724;535;142;6.3;3.2
2411;2726;569;143;7.1;3.5
2924;2832;566;146;6.2;3.5
2885;2986;573;157;7.1;4
2879;3629;573;175;6.5;4
2481;3710;530;150;6.4;3.5
2127;2720;535;145;6.2;3.3
3306.6;1708.6;553;101;7;3.8
3041.7;2881.6;544;152;7;3.8
2816.9;2864.1;555;148;7;3.7
2716.5;3062.5;534;142;7;3.8
2738.4;2816.5;558;130;7;3.9
2871.5;2571.6;531;133;7;3.8
2806.7;2676.5;561;140;6;3.5
2816.5;2660.1;556;146;6;3.6
2448.6;2671.8;597;152;6;3.8
2146.8;2601.6;567;150;6;3.6
1831.6;2231.6;525;168;6;3.6
1927.1;1981.6;532;130;5;3.8
2215.6;2261.8;527;149;5;3.7
1871.6;2369.9;492;139;5;3.4
3981.6;1732.9;650;108;7;4.1
3761.5;3214.6;628;128;7;4
3628.6;3669;623;152;7;4
3461.6;3468.5;610;161;7;4.2
3266.5;3098.1;612;157.2;7;4
3381.6;2837.7;620;152;7;4
3449.6;3435.9;620;158;7;4.1
3684.1;3641.5;623;162;7;4.1
3628.4;3838.6;630;154;7;4.2
3609.6;4119.6;634;172;7;4.3
3755.1;4461.6;624;177.6;7;4
3506.6;4034.8;608;168;7;4.4
2417.3;1603.3;469;86;6.9;3.8
2378.4;2253.4;464;112;6.6;3.8
2227.4;2143.6;472;105;7;3.7
2413.5;2204.3;483;127;6.8;3.6
2446.2;2234.6;462;131;6.9;3.8
2403.2;2687.5;462;122;6.9;3.7
2246.9;2542.1;478;118;6.8;3.6
2341.7;2719.6;480;120;6.6;3.8
1906.3;2880.2;482;129;7;3.8
1728.8;2467.1;462;123;6.7;3.8
1839.7;2682.3;461;126;6.8;3.6
1861.3;2539.6;431;132;6.8;3.6
1650.3;2384.3;448;128;7;3.5
2835;1832;532;93.5;6.4;3.7
2640;2124;535;116;6.5;3.5
2489;2376;495;116;6.5;3
2322;2254;540;115;6;3.5
2258;2762;439;123;6;3.6
2239;2360;532;122;6;3
1923;2302;505;124;6;3
1890;2288;480;130;5.5;3
1682;2554;451;142;5;3
1751;2078;477;121;5.5;3
1469;1919;465;123;5;3
2143;2056;448;125;6;3
1814;2491;472;151;6;3.2
1738;2433;451;133;6;3
1280;1810;405;118;5;3
2881.4;2065.3;516;117;7;3.8
1831.6;3018.6;509;130;7;3.8
2563.1;2848.3;411;132;7;4
2683.2;2881.3;478;125;7;3.9
2480.3;2498.6;516;131;6.7;3.8
2324.2;2848.1;504;130;7;3.7
2416.2;2803.1;430;130;6.8;3.6
2234.4;2615.3;458;148;5.8;3
1750.3;240.4;478;120;6.6;3.4
1872.4;1827.3;488;129;5;3
1669.3;1890.3;457;116;6;3.6
1545.4;1999.3;463;120;6;3.8
1112.6;1629.3;253;102;6;3.1
3893;2768;584;118;7;4
3513;3420;553;131;7;4
3441;3462;545;130;7;4
3213;3846;552;142;7;4
3399;3990;535;150;7.5;4
3059;3617;530;133;7;4
3043;3999;557;139;7;4
3043;4314;565;150;6.5;4
3974;4100;548.4;161;7;4
3199;4371;561;158;7;4
3013;4402;567.2;169;7;4
2995;3951;550;157;7;3.5
2481;3880;520;164;6.5;3.5
1850;4134;471;145;6.5;3.5
2803;1070;490;60;8;4
2930;1290;493;69;7.8;4.1
2899;1573;493;80;7.8;4
2955;2135;520;95;8.1;4.1
2729;2477;505;110;8;4
2814;2988;487;105;8;4
2538;2979;485;117;7.5;3.8
2433;3382;475;128;7.1;4
2065;2960;450;150;7.5;5.1
1935;2601;470;120;7;3.8
2375;2936;456;110;6.5;3.5
2490;3337;492;130;7.1;4
2146;3225;456;130;6.3;3.5
1714;2481;425;115;6.8;3.8
1831.6;605;440;49;6;3.6
2016;1708.6;450;88;7;3.7
1781.6;1826.1;467;82;7;3.8
2006.2;1853.6;447;89;6.8;3.9
2018.6;1938.8;465;84;7;3.8
2218.5;1811.6;475;83;7;3.8
2177.9;2256.6;455;98;7;3.8
2240.5;2616.9;450;95;7.2;4
2316.5;3099.8;459;114.8;7;4.2
2209.8;2990.7;465;116;7;4
1981.6;3006.8;462;116;7;4
2142.5;2679.6;466;114;7;3.8
1652;2205.1;419;98;7;3.8
2771.5;1096.9;513;83;7.1;3.5
2781.5;1629.9;583;102;6.8;3.8
2578;2182.7;480;113;6.7;4
2461.5;2381.8;490;114;7.1;3.9
2278.5;2615.5;504;116;6.8;3.8
2423.4;2010.9;489;110;7;3.8
2358.5;2354.7;485;120;6.8;4
2268.7;2315.1;491;121;6.5;3.8
1978.1;2115.4;480;120;6.1;3.4
2102.7;2733.7;470;134;6.7;3.9
1781.6;2035.5;480;125;6;3.2
2234.2;2510.2;510;129;6.3;3.8
2155.4;2186.7;465;115;5;3
2255.6;2929.1;472;120;6.8;3.8
1791.5;2532.7;460;138;6.8;4.1
2819.6;929.5;463;55;7;4
2890.7;2201.6;510;107;7;4.2
2642;2481.6;511;111;7;4.1
2618.2;2819.2;514;120;7;4
2123.6;2715.5;508;120;6;3.8
2444.8;2216.5;517;102;7;3.4
2382.6;2760;500;126;7;4.1
2290.5;2881.9;500;131;7;3.9
2101.5;2916.4;490;143;6;3.8
1974.6;2641.8;473;128;6;4
2149.5;2198.6;498;166.2;7;4
2416.5;2818.8;510;132;7;4
2615.6;2401.5;501;138;6;3
2247.6;3641.5;483;143.5;7;3.8
1949.6;2878.8;460;139;7;3.8
3201.7;1880;540;104;7;3.8
3016.9;2064.5;548;114;6.8;3.6
1988.6;2241.4;496;116;7;3.6
2916.2;2199.8;545;112;7;3.6
2469;2429.7;530;141;6;3
2467.3;2241.6;561;129;7;3.8
1246.9;2340.8;475;130;6;3.5
2088.5;2367.7;464;123;6;3.5
2009;2328.4;480;130;5.5;3
2249.3;2342.1;490;120;6;3.2
2288;2610.8;498;140.2;5;2.4
2581.4;2660.3;502;126;7;4
2148.3;2318.6;442;118;6.2;3.6
751.6;1757.9;400;109;5.4;3.2
3384;2254;505;98;7.5;3.5
3534;3054;531;114;8;4.3
3079;2915;520;113;7;4
2865;2886;506;148;7;4.5
2723;2736;500;120;8;3.5
2702;3412;492;126;7;4
2542;3145;483;116;7;4
2259;3869;483;117;6.5;3.5
2173;2362;482;106;7.5;4
2269;2393;496;108;6;3.5
2475;2253;511;106;7;3.5
2786;3058;514;118;6;3.8
2430;1272;545;69;6.5;4
2483;2007;545;89;6.5;4
3001;2034;548;98;6.6;4.1
2622;2425;547;108;6.5;3.5
2563;2209;539;108;6.3;4
2627;2664;542;121;6;4
2535;2436;531;123;6;3.8
2180;2425;512;126;6.5;3
1992;2388;509;129;;
2456;2184;520;120;5.5;3
2465;2571;551;138;6;4
2311;2881;529;133;6;3.7
2472;3184;541;134;6;3
1929;2543;465;124;6;4.1
3472.2;1895.2;551;103;7;4.6
3516.2;3016.7;549;129;7;4.2
3516.4;3481.4;544;131;7;4.1
3415.3;3642.2;532;138;7;4
3461.5;3716.2;526;103;7.8;4.2
3318.4;3614.4;515;140;7;3.9
3288.2;3816.2;512;150;7;3.9
3168.2;4016.4;510;144;7;4
2517.2;3516.3;516;126;7;3.8
3460.2;4132.7;543;152;7;4
2916.3;3816.5;546;101;7;4.2
3421.8;4693.2;549;100;7;3.9
2817.3;4321.6;532;120;7.6;4
2816.2;3816.2;466;146;6.8;3.9
1653.6;2691.4;450;130;6;3.5
3316.5;2378.8;562;130;8;4
3576.3;3541.5;558;154;7;3.7
3129.6;3603.9;647;166;7;3.8
3186.2;3612.4;561;162;7;3.8
3062.8;5411.3;508;160;7;3.9
2426.5;2851.6;480;141;7;3.7
2765.3;3270.8;476;151;7;3.7
2471.5;2838.4;510;135;;3.6
2816.3;3142.7;503;144;7;3.8
2636.3;3089.3;530;141;7;3.6
2615.6;3062.9;517;158;7;3.8
2328.6;3841.6;525;170;7;4
1778.6;2968.3;440;153;6;3.2
3584;1682;582;89;7.3;3.5
3536;2593;593;122;7;3.5
2619;2554;603;116;7;4
3224;2847;583;127;6.5;3.5
3443;2896;564;141.3;6.5;3.4
2824;2531;532;117;6;5
2640;2620;528;125;7;3.2
2453;2556;522;117;6.5;3.5
2374;2720;515;128;6;3.5
2822;3035;563;130;6.5;3.3
2699;2939;542;141.3;6.3;3
2901;3315;592;140;7;3.5
2467;3172;531;143.6;7;3
2047;2574;481;129;6.4;3.1
1616;2050;468;115;6;3.2
3147;1842;533;104;6.5;3.5
3073;2723;530;126;6.7;3.4
2846;2631;529;125;7;4
2826;2532;524;105;6.5;3.7
2568;2515;506;127;6.5;3
2504;2831;515;133;6.3;3.1
2508;2748;532;130;6.5;3.6
2380;3159;530;148;6;3.5
2213;2907;517;147.2;6.3;3.5
2048;2995;522;147;5.9;3
1649;2011;476;132.5;6.2;3.1
1619;2087;482;135;5.5;3
1540;1850;477;182.2;5.5;3
1616;2263;453;130;5.5;3
1440;2058;435;114;5.5;3
3352;1169;518;63;7;4.2
3267;1531;519;58;7;4.2
3141;1686;522;90;6.8;4
2920;1782;534;86;7;3.8
2990;1904;543.4;104;7;3.9
3065;3070;532;134;7;4
2886;3043;536;134;7;3.9
2663;3366;534;142;7;4
2471;3305;529;150;7;4
2069;2753;518;140;7;3.9
1823;2328;502;137;7;3.8
2255;2530;502;139;6.2;3.1
1766;2814;465;135;6.2;3.1
1546;2251;462;116;6;3.8
3285.5;702.5;558;40;7;4
3759.4;1398.1;547;72;7;4
3571.1;1759.4;542;85;7;4
2950.4;1914.2;535;94;6.5;4
2543.1;2041.3;558;116;6;3
2976.2;1999.8;539;104;6;3.5
2769.4;2443.9;557;126;6.5;3.8
2884.2;2801.5;554;132;6.5;4
2014.2;3066.1;550;135;6;4.1
2484.2;2857.3;535;137;6.5;4.1
2215.2;2644.2;542;130;6;4
2388.2;2556.3;530;136;6.3;3.5
1946.1;2671.3;507;129;6.2;4
3452.2;2927.4;518;139;6;4.1
2498;1278;488;80;6.2;4.1
2501;2036;475;112;6.5;3.5
2347;2037;475;112;6.6;3.4
2302;2246;481;107;6.3;3.5
2315;2283;475;135;6;4
2221;2386;490;122;6.8;3.5
2189;2407;498;127;6.3;3.5
2126;2279;491;121;6.2;3.5
2315;2618;500;136;6.1;3.1
1796;2303;470;135;6.6;3.5
1515;2027;507;130;7;3.1
1440;1760;430;125;5.5;3.5
1510;1511;478;122;5.8;3.6
1563;1826;428;126;5.8;3.6
1429;2225;383;130;7;3.2
1231;1854;384;110;5.4;3.5
2186.5;1694.4;482;126;7;3.8
2122;2311.6;490;143;7;3.9
1956.4;2260;501;152;7;3.8
2013.4;2216.5;468;148;7;3.8
2216.5;2615.6;475;149;7;3.9
1876.6;2138.7;484;152;7;3.9
1961.5;2420.6;480;143;6.8;3.8
1964.6;2561.6;466;148;6;3.8
2016.5;2615.6;523;152;6;3.5
1786.2;2254.3;475;140;6;3.6
1584.8;1950;432;129;6;3.8
1766.5;1729.6;518;136;6;3.6
1321.6;1961.5;433;137;5;3.6
3011.6;1562.6;496;94;6;3.8
2816.6;2041.6;489;102;7;3.9
2916.5;2962.5;501;120;7;3.8
2789.1;2491.6;485;114;7;3.8
2916.6;3155.6;517;118;7;3.9
2855.5;3052.6;535;116;7;3.8
2517.6;2801.6;540;120;7;4
2518.6;3317.1;512;146;7;4.1
2866.2;3166.2;505;152;7;3.9
2004.6;2571.2;526;128;7;3.9
2214.5;2514.4;684;131;7;3.8
2316.5;2766.2;523;128;7;3.8
2766.3;2865.1;517;142;6;3.8
2913;1418;514;82;6;3.7
2623;1949;503;95;4.5;3.2
2356;2118;507;116;6.5;4.1
2414;2280;520;114;6;4
2499;2484;513;126.5;6;3.5
2551;2722;516;122;6.5;4.3
2199;2328;513;115;6.3;4.2
2150;2688;520;126;6.5;4.3
2044;2927;498;139;6.4;4
1983;2527;481;128;6;4
1616;2306;475;157;6;3.9
1702;1923;504;120;5.3;3
1750;1554;492;132;6.5;4
1632;2186;452;131;6;4
3090.6;2091.4;526;188;6;4
3151.9;2001.6;508;124;7;4
2888.6;3094.3;504;130;7;4.2
2891.6;2905.2;502;120;6;3.8
2416.8;3006.1;528;124;6;3.6
2802.3;3060;532;128;7;4.2
2778.6;1608.8;518;142;5.8;3
2471.6;3427;524;131;6;4
2016.5;3461.1;516;128;6;4
1986.5;2734.6;500;139;7;3.8
1758;1978.2;478;134;6;3
1560.4;2063.3;467;123;5;3.6
1572.6;2204.6;305;131;6;3.2
1404.5;2182.9;418;103;6;3.2
1452.3;2913.2;426;133;5.8;3.5
1017.8;2001.1;404;110;5;3.8
3050;1384;495;76;7;4.2
2828;1709;493;81;7;4.1
2630;2385;495;108;7;3.5
2772;2567;490;106;7;4
2569;2268;492;115;7;4.1
2437;2257;480;107;7;3.9
2403;2494;503;113;6.5;4
2513;2659;490;117;6.5;3.8
2296;3044;486;145;6.5;4
2060;2523;494;120;6.5;4.3
2039;2481;482;133;6.2;4
1921;2363;480;132;6;3.7
1779;2225;484;141.6;6;3.9
1757;2260;455;127;6;3.7
2816;1904;420;113;6.3;4.1
1938;1748;425;103;5.3;4
2724.8;1773;472;102;7;3.9
2663.5;2263.8;488;120;7;3.8
2451.6;2630.9;487;120;7;3.6
2521.1;2542.3;482;121;7;3.8
2246.3;2613.6;438;128;7;3.8
2406.5;2516.4;420;122;6;3.6
2285;2445.3;470;138;6;3.4
2043.4;2691.6;481;133;6;3.6
2448.8;2001.8;472;130;6;3.2
1909.4;2319.8;504;122;6;3.6
1319.4;1954.2;428;108;6;3.4
2187;1030;545;70;6;3.5
2520;2296;489;126;6.5;4
2291;2335;487;121;6.3;4.2
2169;2453;485;127;6;3.2
1983;1736;495;133.8;6;3.5
2237;2480;505;127;6;3.9
2011;2607;495;135;6;4
1868;2575;463;133;6;4
1502;2434;459;132;6;3
1637;2404;411;133;5.8;4
1273;2006;424;102;5;3
1997;2135;485;118;5.5;3.5
1684;2488;455;130;6;3
1692;2861;475;135;6;3.8
1410;2223;422;124;5.7;3.5
2481.5;1751.6;538;106;6;3.6
2351.6;2551.6;545;128;6;3.7
2248.8;2421.2;478;115;6;4
2361.5;2621.1;512;126;6;3.5
2106.4;2216.5;474;120;6;3.6
1938.5;2166.4;482;124;6;3.8
1961.5;2261.5;461;125;6;3.7
1865.2;2551.6;450;129;6;3.6
1860.4;2617.3;426;129;6;3.4
1731.5;2360;431;126;5.6;3.4
1816.2;2332;456;126;6;3.4
2028.6;2112.8;493;132;6;4
1866.2;2241.3;491;137;6;3.6
1361.4;2854;455;137;5.2;3.6
1451.5;2215.3;420;125;5;3.1
2574;1548;481;107;6.8;3.5
2393;1941;510;106;6.6;3.8
2476;1952;520;110;6.6;3.5
2581;2158;505;115;6.5;3.5
2471;1581;517;122;6.3;3.4
2587;2228;531;120;7;4
2504;2527;535;130;7;3.5
2531;2992;545;136;6.5;3.5
2245;2618;519;138;6.3;3.6
2381;3067;514;152;6.2;3.1
2255;2517;458;138;6.2;3.2
1752;2543;466;134;6;3.2
2074.1;1279;407;82;6;3
2061.4;1575.5;492;89;6.2;3.2
2218.2;1675.2;503;95;6.4;3.2
2088.6;2026.1;489;119.7;6;4
2072.6;2022.3;485;110;6;3
1970.8;1954.8;492;109;6;3.5
2044.9;2405;489;124;6;3
1848.2;2407.6;477;124.8;7;4
1810.8;2357.4;480;128;6;3.2
1728.2;2410.7;471;132.5;6;3
1739.5;2188.7;486;127;5.9;3
1577.4;2103.9;478;121;5.5;3.1
1424.8;1844.3;421;112;5;3
2747.6;2088.6;491;100;7.2;4.3
2721.6;2615;488;109;7;4.1
2655.6;2916.5;453;112;7;4
2416.5;3066.2;482;116;7;4.1
2653.6;2474.5;468;98;7;3.8
2766.5;3016.5;476;106;7;3.9
2961.5;3216;468;112;7;3.9
2464.9;3067.9;446;112;7;3.9
2650.6;3616.5;436;119;7;3.9
2566.1;3216.5;455;118;7;3.9
2366.2;3266.2;456.8;131.2;7;3.8
2206.5;3166.5;442;116;6;3.9
1786.6;2466;452;114;6;4
3685.6;1930.2;514;82;7.5;4
3331.7;2641.3;518;113;6.4;4
1883.4;2841.1;520;124;6;5
3344.3;2742.6;498;99;6;4
2591.3;2930.6;486;119;6;3
2742.8;2455.8;491;122;6.1;3.5
2847.1;3179.2;504;128;6;3.2
2801.3;2590.3;489;121;6;3.4
2649.4;3678.4;491;140;6.2;3.6
2150.2;3357.1;486;145;6.4;4
2481.2;3745.6;489;130;6;4
1809.2;2472.2;491;126;6;4
2072.2;2651.4;486;138;6.2;3.8
1942.2;2781.6;482;141;6;3.6
2408;1448;446;89;5.8;3.6
2048;2048;450;105;6.1;3.5
2193;1930;460;106;6;3.4
2083;2662;461;131;5.2;3.1
2153;2145;468;119;6;3.1
2446;2285;451;123;7;3.5
2042;2647;435;130;6.8;3.6
1784;2510;448;121;6.2;3.4
1853;2490;424;125;6.8;3.6
1783;2415;510;107;6.4;3.4
2109;2728;515;130;5.8;3.6
1475;2397;448;127;5.8;3.5
2490;1883;470;114;6.8;3.8
2450;2983;450;143;6.8;3.5
2098;2647;443;118;6.8;3.2
2517;2467;490;117;7;4
2349;2398;500;113;7;3.8
2444;3161;484;135;7;4
1669;3352;475;145;7;4
2039;3032;503;130;6;3.5
2254;2410;515.6;141.6;6;3.8
2086;2575;475;134;6;3